,username,password
0,user0,1TRO
1,user1,KTKC
2,user2,YOO9
3,user3,LYVX
4,user4,U5P7
5,user5,KHEV
6,user6,KVN1
7,user7,684H
8,user8,PDFZ
9,user9,702M
10,user10,DU0K
11,user11,9U2U
12,user12,9B1V
13,user13,04AG
14,user14,DDR7
15,user15,CB88
16,user16,HE98
17,user17,RP7B
18,user18,IFLJ
19,user19,MB5U
20,user20,G4AA
21,user21,4W4H
22,user22,6BVE
23,user23,NL13
24,user24,M22R
25,user25,ZWO5
26,user26,4QKO
27,user27,3HOI
28,user28,X86J
29,user29,7EVK
30,user30,UZTQ
31,user31,EV2N
32,user32,XGCL
33,user33,J1PJ
34,user34,481R
35,user35,2QAW
36,user36,VML0
37,user37,XWBO
38,user38,DM29
39,user39,K8R9
40,user40,XI96
41,user41,ABU5
42,user42,Y3V4
43,user43,LA55
44,user44,35LX
45,user45,MNB0
46,user46,2500
47,user47,D3QG
48,user48,VUN1
49,user49,2XXO
50,user50,EMBA
51,user51,BG3U
52,user52,67CR
53,user53,LHDO
54,user54,ZAJC
55,user55,3MER
56,user56,KA9G
57,user57,DZZJ
58,user58,6A8I
59,user59,WFVW
60,user60,BOFA
61,user61,ZVI5
62,user62,G3P4
63,user63,ZPL5
64,user64,MDY5
65,user65,3LAX
66,user66,038K
67,user67,R69I
68,user68,PM0R
69,user69,Z27Y
70,user70,BOVC
71,user71,MCA0
72,user72,16XP
73,user73,C15N
74,user74,UDRT
75,user75,WOVA
76,user76,BGLO
77,user77,5R0W
78,user78,U3T0
79,user79,R29T
80,user80,7P1K
81,user81,CYY7
82,user82,M96I
83,user83,EFF7
84,user84,S7J1
85,user85,UAK1
86,user86,4BKB
87,user87,ABAC
88,user88,YKNK
89,user89,5FP1
90,user90,F102
91,user91,HTON
92,user92,C7W5
93,user93,IY5M
94,user94,UDEE
95,user95,72BB
96,user96,RY4S
97,user97,KKHS
98,user98,7ND0
99,user99,O0YK
100,admin,EGHG
